{"entities":{"pages":{"starter":{"id":"starter","title":"Kubernetes","url":"starter.html","level":0,"tabIndex":0},"Introduction":{"id":"Introduction","title":"Introduction to Kubernetes","url":"introduction.html","level":0,"tabIndex":1},"Core-Kubernetes-components-and-architecture":{"id":"Core-Kubernetes-components-and-architecture","title":"Core Kubernetes Concepts  \u0026 Architecture","url":"core-kubernetes-components-and-architecture.html","level":0,"tabIndex":2}}},"topLevelIds":["starter","Introduction","Core-Kubernetes-components-and-architecture"]}