{"entities":{"pages":{"kub-starter":{"id":"kub-starter","title":"Kubernetes","url":"kub-starter.html","level":0,"tabIndex":0},"kub-Introduction":{"id":"kub-Introduction","title":"Introduction to Kubernetes","url":"kub-introduction.html","level":0,"tabIndex":1},"kub-Core-Kubernetes-components-and-architecture":{"id":"kub-Core-Kubernetes-components-and-architecture","title":"Core Kubernetes Concepts  \u0026 Architecture","url":"kub-core-kubernetes-components-and-architecture.html","level":0,"tabIndex":2},"kub-Installation":{"id":"kub-Installation","title":"Kubernetes Installation","url":"kub-installation.html","level":0,"tabIndex":3},"kub-DeploymentObjects":{"id":"kub-DeploymentObjects","title":"Deployment Objects","url":"kub-deploymentobjects.html","level":0,"tabIndex":4},"kub- getting-started":{"id":"kub- getting-started","title":"Kubernetes Getting Started","url":"kub-getting-started.html","level":0,"tabIndex":5},"kub-service-object":{"id":"kub-service-object","title":"Service Object","url":"kub-service-object.html","level":0,"tabIndex":6},"kub-scaling":{"id":"kub-scaling","title":"Scaling","url":"kub-scaling.html","level":0,"tabIndex":7},"kub-updating":{"id":"kub-updating","title":"Updating an Image","url":"kub-updating.html","level":0,"tabIndex":8}}},"topLevelIds":["kub-starter","kub-Introduction","kub-Core-Kubernetes-components-and-architecture","kub-Installation","kub-DeploymentObjects","kub- getting-started","kub-service-object","kub-scaling","kub-updating"]}